{
  "task": "classification",
  "dataset": "indian_pines",
  "model": "HyperSIGMA",
  "model_size": "base",
  "samples_per_class": 50,
  "num_runs": 10,
  "metrics": {
    "overall_accuracy": {
      "mean": 0.93219,
      "std": 0.009925970985248762
    },
    "average_accuracy": {
      "mean": 0.96221,
      "std": 0.0051081209852547466
    },
    "kappa": {
      "mean": 0.9223800000000001,
      "std": 0.011296353393905487
    }
  },
  "per_run_results": [
    {
      "overall_accuracy": 0.941,
      "average_accuracy": 0.9675,
      "kappa": 0.9324,
      "f1_weighted": 0.941,
      "f1_macro": 0.9355,
      "per_class_accuracy": [
        1.0,
        0.8725418790968682,
        0.8993548387096775,
        0.989010989010989,
        0.9509345794392523,
        0.96,
        1.0,
        0.9952718676122931,
        1.0,
        0.9836423118865867,
        0.90625,
        0.9758364312267658,
        1.0,
        1.0,
        1.0,
        0.9473684210526315
      ]
    },
    {
      "overall_accuracy": 0.9215,
      "average_accuracy": 0.9593,
      "kappa": 0.9102,
      "f1_weighted": 0.9215,
      "f1_macro": 0.904,
      "per_class_accuracy": [
        1.0,
        0.8667152221412965,
        0.8683870967741936,
        0.9945054945054945,
        0.9906542056074766,
        0.9896296296296296,
        1.0,
        1.0,
        1.0,
        0.8418756815703381,
        0.8958333333333334,
        0.9033457249070632,
        1.0,
        0.9983471074380166,
        1.0,
        1.0
      ]
    },
    {
      "overall_accuracy": 0.9323,
      "average_accuracy": 0.9639,
      "kappa": 0.9224,
      "f1_weighted": 0.9329,
      "f1_macro": 0.9015,
      "per_class_accuracy": [
        1.0,
        0.8477785870356883,
        0.8877419354838709,
        1.0,
        1.0,
        0.9807407407407407,
        1.0,
        1.0,
        1.0,
        0.9400218102508179,
        0.9254166666666667,
        0.9033457249070632,
        0.9933333333333333,
        0.9611570247933884,
        1.0,
        0.9824561403508771
      ]
    },
    {
      "overall_accuracy": 0.9311,
      "average_accuracy": 0.956,
      "kappa": 0.9212,
      "f1_weighted": 0.9317,
      "f1_macro": 0.8904,
      "per_class_accuracy": [
        1.0,
        0.9038601602330663,
        0.8580645161290322,
        0.9945054945054945,
        0.9742990654205608,
        0.9644444444444444,
        1.0,
        1.0,
        0.8888888888888888,
        0.9672846237731734,
        0.8895833333333333,
        0.879182156133829,
        1.0,
        0.990909090909091,
        0.9848942598187311,
        1.0
      ]
    },
    {
      "overall_accuracy": 0.9553,
      "average_accuracy": 0.9742,
      "kappa": 0.9487,
      "f1_weighted": 0.9555,
      "f1_macro": 0.9321,
      "per_class_accuracy": [
        1.0,
        0.9482884195193008,
        0.952258064516129,
        0.9835164835164835,
        0.9906542056074766,
        0.9955555555555555,
        1.0,
        1.0,
        1.0,
        0.8625954198473282,
        0.9395833333333333,
        0.9591078066914498,
        0.9933333333333333,
        0.9942148760330578,
        0.9848942598187311,
        0.9824561403508771
      ]
    },
    {
      "overall_accuracy": 0.9348,
      "average_accuracy": 0.9636,
      "kappa": 0.9254,
      "f1_weighted": 0.9356,
      "f1_macro": 0.8972,
      "per_class_accuracy": [
        1.0,
        0.911143481427531,
        0.9096774193548387,
        1.0,
        0.9485981308411215,
        0.9777777777777777,
        1.0,
        1.0,
        1.0,
        0.965103598691385,
        0.8879166666666667,
        0.8513011152416357,
        1.0,
        0.9958677685950413,
        0.9879154078549849,
        0.9824561403508771
      ]
    },
    {
      "overall_accuracy": 0.9218,
      "average_accuracy": 0.9574,
      "kappa": 0.9105,
      "f1_weighted": 0.9224,
      "f1_macro": 0.9042,
      "per_class_accuracy": [
        1.0,
        0.8201019664967225,
        0.9174193548387096,
        0.9945054945054945,
        0.9789719626168224,
        0.9866666666666667,
        1.0,
        1.0,
        1.0,
        0.8876772082878953,
        0.9045833333333333,
        0.8736059479553904,
        1.0,
        0.9958677685950413,
        0.9758308157099698,
        0.9824561403508771
      ]
    },
    {
      "overall_accuracy": 0.9342,
      "average_accuracy": 0.9597,
      "kappa": 0.9246,
      "f1_weighted": 0.9358,
      "f1_macro": 0.8666,
      "per_class_accuracy": [
        1.0,
        0.911143481427531,
        0.9380645161290323,
        0.9505494505494505,
        0.8878504672897196,
        0.9925925925925926,
        1.0,
        1.0,
        1.0,
        0.9040348964013086,
        0.9079166666666667,
        0.8996282527881041,
        0.9866666666666667,
        0.9760330578512396,
        1.0,
        1.0
      ]
    },
    {
      "overall_accuracy": 0.9208,
      "average_accuracy": 0.9606,
      "kappa": 0.9095,
      "f1_weighted": 0.9215,
      "f1_macro": 0.8856,
      "per_class_accuracy": [
        1.0,
        0.911143481427531,
        0.8709677419354839,
        1.0,
        0.9439252336448598,
        0.9718518518518519,
        1.0,
        1.0,
        1.0,
        0.935659760087241,
        0.8758333333333334,
        0.9684014869888475,
        1.0,
        0.9107438016528926,
        0.9818731117824774,
        1.0
      ]
    },
    {
      "overall_accuracy": 0.9291,
      "average_accuracy": 0.9599,
      "kappa": 0.9189,
      "f1_weighted": 0.9297,
      "f1_macro": 0.9011,
      "per_class_accuracy": [
        1.0,
        0.8659868900218499,
        0.952258064516129,
        0.9945054945054945,
        0.9299065420560748,
        0.9896296296296296,
        0.9285714285714286,
        1.0,
        1.0,
        0.9094874591057798,
        0.8895833333333333,
        0.9144981412639405,
        1.0,
        0.9834710743801653,
        1.0,
        1.0
      ]
    }
  ],
  "config": {
    "dataset": "indian_pines",
    "data_dir": "../data/benchmark/classification/IndianPines",
    "gpus": "0",
    "model_size": "base",
    "patch_size": 2,
    "img_size": 33,
    "pca_components": 30,
    "spat_weights": "pretrained/spat-vit-base-ultra-checkpoint-1599.pth",
    "spec_weights": "pretrained/spec-vit-base-ultra-checkpoint-1599.pth",
    "epochs": 200,
    "batch_size": 64,
    "lr": 0.0001,
    "wd": 0.05,
    "samples_per_class": 50,
    "val_samples": 5,
    "num_runs": 10,
    "seed": 42,
    "output_dir": "results/classification"
  },
  "timestamp": "2026-02-03T21:02:09.988456"
}