{
  "task": "classification",
  "dataset": "indian_pines",
  "model": "HyperSIGMA",
  "model_size": "base",
  "samples_per_class": 50,
  "num_runs": 10,
  "metrics": {
    "overall_accuracy": {
      "mean": 0.8848499999999999,
      "std": 0.019946641321285145
    },
    "average_accuracy": {
      "mean": 0.9355,
      "std": 0.0134861410344101
    },
    "kappa": {
      "mean": 0.8687999999999999,
      "std": 0.022449008886808338
    },
    "seg_overall_accuracy": {
      "mean": 0.8926399999999999,
      "std": 0.01865702012648324
    },
    "seg_average_accuracy": {
      "mean": 0.9412499999999999,
      "std": 0.011464663100152568
    },
    "seg_kappa": {
      "mean": 0.8786099999999999,
      "std": 0.02085936000935791
    }
  },
  "per_run_results": [
    {
      "overall_accuracy": 0.8744,
      "average_accuracy": 0.9235,
      "kappa": 0.857,
      "f1_weighted": 0.8748,
      "f1_macro": 0.8524,
      "per_class_accuracy": [
        1.0,
        0.7538237436270939,
        0.84,
        1.0,
        0.9369158878504673,
        0.9614814814814815,
        1.0,
        0.9952718676122931,
        0.8888888888888888,
        0.9040348964013086,
        0.8154166666666667,
        0.8401486988847584,
        1.0,
        0.9603305785123967,
        0.9848942598187311,
        0.8947368421052632
      ],
      "seg_overall_accuracy": 0.8829,
      "seg_average_accuracy": 0.9332,
      "seg_kappa": 0.8677,
      "seg_per_class_accuracy": [
        1.0,
        0.7619047619047619,
        0.8493975903614458,
        1.0,
        0.9420289855072463,
        0.9643835616438357,
        1.0,
        0.99581589958159,
        0.95,
        0.9094650205761317,
        0.8187372708757638,
        0.8549747048903878,
        1.0,
        0.9620553359683794,
        0.9870466321243523,
        0.9354838709677419
      ],
      "total_pixels_evaluated": 10249
    },
    {
      "overall_accuracy": 0.88,
      "average_accuracy": 0.9385,
      "kappa": 0.8633,
      "f1_weighted": 0.881,
      "f1_macro": 0.8407,
      "per_class_accuracy": [
        0.9615384615384616,
        0.7596504005826656,
        0.8722580645161291,
        1.0,
        0.9626168224299065,
        0.96,
        1.0,
        1.0,
        1.0,
        0.7993456924754635,
        0.845,
        0.9052044609665427,
        1.0,
        0.9495867768595041,
        1.0,
        1.0
      ],
      "seg_overall_accuracy": 0.8879,
      "seg_average_accuracy": 0.9421,
      "seg_kappa": 0.8733,
      "seg_per_class_accuracy": [
        0.9782608695652174,
        0.7682072829131653,
        0.8795180722891566,
        1.0,
        0.9648033126293996,
        0.9616438356164384,
        1.0,
        1.0,
        1.0,
        0.808641975308642,
        0.8480651731160896,
        0.9139966273187183,
        1.0,
        0.9509881422924901,
        1.0,
        1.0
      ],
      "total_pixels_evaluated": 10249
    },
    {
      "overall_accuracy": 0.8959,
      "average_accuracy": 0.9397,
      "kappa": 0.8811,
      "f1_weighted": 0.896,
      "f1_macro": 0.8755,
      "per_class_accuracy": [
        1.0,
        0.741442097596504,
        0.9161290322580645,
        1.0,
        0.9602803738317757,
        0.9703703703703703,
        0.8571428571428571,
        1.0,
        1.0,
        0.9138495092693566,
        0.85625,
        0.8996282527881041,
        1.0,
        0.9586776859504132,
        0.9969788519637462,
        0.9649122807017544
      ],
      "seg_overall_accuracy": 0.9028,
      "seg_average_accuracy": 0.9452,
      "seg_kappa": 0.8899,
      "seg_per_class_accuracy": [
        1.0,
        0.75,
        0.9204819277108434,
        1.0,
        0.9648033126293996,
        0.9726027397260274,
        0.8928571428571429,
        1.0,
        1.0,
        0.9176954732510288,
        0.8590631364562118,
        0.9089376053962901,
        1.0,
        0.9604743083003953,
        0.9974093264248705,
        0.978494623655914
      ],
      "total_pixels_evaluated": 10249
    },
    {
      "overall_accuracy": 0.8812,
      "average_accuracy": 0.943,
      "kappa": 0.8648,
      "f1_weighted": 0.883,
      "f1_macro": 0.8149,
      "per_class_accuracy": [
        1.0,
        0.7909686817188638,
        0.8374193548387097,
        1.0,
        0.969626168224299,
        0.9525925925925925,
        1.0,
        0.9976359338061466,
        1.0,
        0.925845147219193,
        0.7945833333333333,
        0.8736059479553904,
        1.0,
        0.9669421487603306,
        0.9969788519637462,
        0.9824561403508771
      ],
      "seg_overall_accuracy": 0.8894,
      "seg_average_accuracy": 0.9462,
      "seg_kappa": 0.8751,
      "seg_per_class_accuracy": [
        1.0,
        0.7990196078431373,
        0.8481927710843373,
        1.0,
        0.9710144927536232,
        0.9561643835616438,
        1.0,
        0.997907949790795,
        1.0,
        0.9300411522633745,
        0.7983706720977597,
        0.8836424957841484,
        1.0,
        0.9683794466403162,
        0.9974093264248705,
        0.989247311827957
      ],
      "total_pixels_evaluated": 10249
    },
    {
      "overall_accuracy": 0.9156,
      "average_accuracy": 0.9527,
      "kappa": 0.9035,
      "f1_weighted": 0.9161,
      "f1_macro": 0.899,
      "per_class_accuracy": [
        1.0,
        0.7953386744355426,
        0.9354838709677419,
        1.0,
        0.9392523364485982,
        0.9940740740740741,
        0.9285714285714286,
        1.0,
        1.0,
        0.8505997818974919,
        0.905,
        0.9442379182156134,
        0.9933333333333333,
        0.9661157024793389,
        0.9909365558912386,
        1.0
      ],
      "seg_overall_accuracy": 0.9213,
      "seg_average_accuracy": 0.9569,
      "seg_kappa": 0.9107,
      "seg_per_class_accuracy": [
        1.0,
        0.8018207282913166,
        0.9397590361445783,
        0.9957805907172996,
        0.9461697722567288,
        0.9945205479452055,
        0.9642857142857143,
        1.0,
        1.0,
        0.8580246913580247,
        0.9071283095723014,
        0.9494097807757167,
        0.9951219512195122,
        0.966798418972332,
        0.9922279792746114,
        1.0
      ],
      "total_pixels_evaluated": 10249
    },
    {
      "overall_accuracy": 0.8814,
      "average_accuracy": 0.935,
      "kappa": 0.865,
      "f1_weighted": 0.8817,
      "f1_macro": 0.8808,
      "per_class_accuracy": [
        0.8846153846153846,
        0.842680262199563,
        0.8167741935483871,
        1.0,
        0.9579439252336449,
        0.9911111111111112,
        1.0,
        1.0,
        1.0,
        0.8560523446019629,
        0.7829166666666667,
        0.8661710037174721,
        0.9933333333333333,
        0.9925619834710744,
        0.9758308157099698,
        1.0
      ],
      "seg_overall_accuracy": 0.8896,
      "seg_average_accuracy": 0.9399,
      "seg_kappa": 0.8753,
      "seg_per_class_accuracy": [
        0.9130434782608695,
        0.8480392156862745,
        0.827710843373494,
        1.0,
        0.9627329192546584,
        0.9917808219178083,
        1.0,
        1.0,
        1.0,
        0.8641975308641975,
        0.7877800407331975,
        0.8785834738617201,
        0.9951219512195122,
        0.9928853754940712,
        0.9766839378238342,
        1.0
      ],
      "total_pixels_evaluated": 10249
    },
    {
      "overall_accuracy": 0.9172,
      "average_accuracy": 0.9469,
      "kappa": 0.9053,
      "f1_weighted": 0.9176,
      "f1_macro": 0.8847,
      "per_class_accuracy": [
        1.0,
        0.831755280407866,
        0.9612903225806452,
        1.0,
        0.8995327102803738,
        0.9807407407407407,
        1.0,
        1.0,
        0.8888888888888888,
        0.8571428571428571,
        0.8870833333333333,
        0.9349442379182156,
        1.0,
        0.9867768595041322,
        0.9577039274924471,
        0.9649122807017544
      ],
      "seg_overall_accuracy": 0.923,